id,first_name,last_name,email,car
1,Griselda,Grey,ggrey0@phoca.cz,Sebring
2,Austine,Sawbridge,asawbridge1@nifty.com,430
3,Kerry,Gillogley,kgillogley2@nature.com,Focus
4,Gris,McMaster,gmcmaster3@auda.org.au,G
5,Laura,Oag,loag4@freewebs.com,Jetta
6,Euphemia,Oswick,eoswick5@google.ru,Town Car
7,Benton,Record,brecord6@imdb.com,Suburban 1500
8,Jobie,Attoc,jattoc7@unicef.org,Murciélago
9,Howie,Frigot,hfrigot8@e-recht24.de,A8
10,Denny,Jevons,djevons9@state.tx.us,C-Class
11,Oliviero,Wheatland,owheatlanda@auda.org.au,Pathfinder
12,Stephi,Rowly,srowlyb@woothemes.com,Caprice Classic
13,Christiana,Willey,cwilleyc@instagram.com,F350
14,Neila,Fritchly,nfritchlyd@deviantart.com,Leone
15,Linette,Gretton,lgrettone@google.fr,MDX
16,Claudius,Dudman,cdudmanf@edublogs.org,Ram 1500
17,Aretha,Hamilton,ahamiltong@auda.org.au,280ZX
18,Amye,Barneville,abarnevilleh@wordpress.com,IS
19,Sammy,McIlhone,smcilhonei@smh.com.au,Quattro
20,Serge,Presho,spreshoj@php.net,80
21,Arabele,Gabbitas,agabbitask@usatoday.com,Mustang
22,Rock,Plaschke,rplaschkel@jalbum.net,SX4
23,Cyndie,Fawdrie,cfawdriem@constantcontact.com,Ranger
24,Ezequiel,Lymer,elymern@freewebs.com,Galant
25,Leisha,Corkel,lcorkelo@mozilla.org,Sephia
26,Dorita,Cradey,dcradeyp@army.mil,Esperante
27,Myra,Henricsson,mhenricssonq@state.gov,Ram 50
28,Averill,Burrow,aburrowr@umn.edu,228
29,Jobye,Aiskovitch,jaiskovitchs@huffingtonpost.com,Navigator L
30,Wrennie,Danigel,wdanigelt@guardian.co.uk,Breeze
31,Loree,Tremmil,ltremmilu@yale.edu,Venza
32,Pauline,Yarrington,pyarringtonv@sourceforge.net,Viper
33,Judon,Arkley,jarkleyw@usgs.gov,Econoline E250
34,Tiff,Banister,tbanisterx@ihg.com,Land Cruiser
35,Maryjane,Pickance,mpickancey@auda.org.au,Firefly
36,Zacharias,Bratcher,zbratcherz@cpanel.net,Camaro
37,Robbie,Danilenko,rdanilenko10@amazon.co.jp,Explorer Sport Trac
38,Guy,Featherby,gfeatherby11@yellowbook.com,Concorde
39,Man,Macy,mmacy12@elegantthemes.com,Montero Sport
40,Gawain,Adrain,gadrain13@nature.com,xD
41,Lauren,Greendale,lgreendale14@google.ru,XF
42,Aloin,Scopyn,ascopyn15@goo.ne.jp,S10
43,Cletis,Jeannequin,cjeannequin16@blog.com,W201
44,Ricki,Mitchely,rmitchely17@hexun.com,S-Class
45,Kailey,Dishmon,kdishmon18@eepurl.com,Express
46,Korella,Culvey,kculvey19@jigsy.com,Sonoma Club Coupe
47,Carena,Meltetal,cmeltetal1a@instagram.com,Express 3500
48,Venita,Wickwarth,vwickwarth1b@theatlantic.com,Sterling
49,Shaine,Coldrick,scoldrick1c@opera.com,Swift
50,Phyllis,Chappelle,pchappelle1d@storify.com,CTS-V
51,Natalina,Bullen,nbullen1e@dyndns.org,FJ Cruiser
52,Gretal,Serle,gserle1f@wiley.com,Montero Sport
53,Kiri,Punton,kpunton1g@youtu.be,Galant
54,Costa,Lello,clello1h@ft.com,Charger
55,Ogdan,Dran,odran1i@uol.com.br,Ram
56,Meyer,Sopper,msopper1j@ca.gov,Accord
57,Ruddie,Sissel,rsissel1k@disqus.com,Santa Fe
58,Camile,Sleightholme,csleightholme1l@chron.com,GTI
59,Karly,Riccetti,kriccetti1m@theatlantic.com,Familia
60,Mitchel,Durning,mdurning1n@cnbc.com,DeVille
61,Romona,Gonzalo,rgonzalo1o@google.com.hk,Escalade
62,Stacia,Wherrit,swherrit1p@123-reg.co.uk,LR2
63,Lissa,Kobieriecki,lkobieriecki1q@unesco.org,Park Avenue
64,Alie,Copcott,acopcott1r@macromedia.com,Skylark
65,Aldon,Pane,apane1s@ted.com,Passport
66,Gene,Folca,gfolca1t@unesco.org,F250
67,Rodolphe,Parkeson,rparkeson1u@posterous.com,Park Avenue
68,Kathlin,Ubee,kubee1v@stanford.edu,Ram 2500
69,Bradly,Himsworth,bhimsworth1w@plala.or.jp,Tredia
70,Laverna,Hadny,lhadny1x@bbc.co.uk,350Z
71,Pam,Budleigh,pbudleigh1y@opera.com,Veloster
72,Michaela,Sidnell,msidnell1z@w3.org,Fit
73,Terry,Ilsley,tilsley20@oakley.com,330
74,Dacy,Pantridge,dpantridge21@jugem.jp,Sable
75,Wyndham,Ginity,wginity22@usda.gov,XL7
76,Sephira,Sample,ssample23@simplemachines.org,Leganza
77,Tisha,Drissell,tdrissell24@sina.com.cn,Mariner
78,Manya,Eassom,meassom25@devhub.com,RX-7
79,Auroora,Youle,ayoule26@symantec.com,i-MiEV
80,Nichols,Vida,nvida27@jiathis.com,Fairlane
81,Raychel,Liddle,rliddle28@wunderground.com,164
82,Gaby,Quinnelly,gquinnelly29@unesco.org,SLS-Class
83,Bartholemy,Grime,bgrime2a@ca.gov,E250
84,Cordie,Fernely,cfernely2b@bing.com,Touareg 2
85,Margareta,Innott,minnott2c@state.gov,A8
86,Tam,Langcastle,tlangcastle2d@mtv.com,LeBaron
87,Leonerd,Ferrand,lferrand2e@who.int,Optima
88,Tomlin,Menendez,tmenendez2f@1und1.de,LR3
89,Cristal,Hoppner,choppner2g@google.ru,XC70
90,Reta,O'Roan,roroan2h@flickr.com,Cavalier
91,Annaliese,Wapol,awapol2i@imdb.com,Expedition
92,Nial,Yuille,nyuille2j@msu.edu,Firefly
93,Davon,Brownrigg,dbrownrigg2k@google.ru,E-Class
94,Cheri,Guiett,cguiett2l@marketwatch.com,Tacoma
95,Bernice,Mangeney,bmangeney2m@state.tx.us,Q7
96,Herrick,Scardifield,hscardifield2n@sina.com.cn,Navigator
97,Salomon,Freire,sfreire2o@list-manage.com,Camry
98,Mayer,Attenburrow,mattenburrow2p@scribd.com,Catera
99,Roland,Kimmons,rkimmons2q@goodreads.com,1500 Club Coupe
100,Jillana,Pelham,jpelham2r@stanford.edu,Express 3500
101,Beverly,Tamblingson,btamblingson2s@indiatimes.com,Safari
102,Lannie,Kezar,lkezar2t@toplist.cz,Suburban 2500
103,Berny,Crombie,bcrombie2u@prlog.org,Prizm
104,Latisha,Garlee,lgarlee2v@example.com,Ram 3500
105,Temple,Hatch,thatch2w@discovery.com,Colt
106,Isaac,Vickress,ivickress2x@netvibes.com,Samurai
107,Magda,Size,msize2y@fc2.com,T100 Xtra
108,Westleigh,Reddecliffe,wreddecliffe2z@t.co,Corvette
109,Lyman,Kubanek,lkubanek30@unc.edu,Century
110,Benetta,Buzek,bbuzek31@goo.gl,rio
111,Ozzy,Campes,ocampes32@squidoo.com,Bonneville
112,Cecilia,Maddinon,cmaddinon33@umich.edu,Patriot
113,Sabine,Hurndall,shurndall34@uol.com.br,Transit Connect
114,Scottie,Haighton,shaighton35@google.fr,458 Italia
115,Ibbie,Cheeld,icheeld36@amazon.co.jp,Riviera
116,Marcille,Becerra,mbecerra37@drupal.org,V50
117,Dominica,Leglise,dleglise38@g.co,Edge
118,Terry,Roome,troome39@ihg.com,LX
119,Donia,Sellar,dsellar3a@ox.ac.uk,X3
120,Kahaleel,Backshell,kbackshell3b@ow.ly,Sedona
121,Vinny,Tidridge,vtidridge3c@japanpost.jp,Starion
122,Rachel,Depka,rdepka3d@sphinn.com,Montana
123,Jelene,Bagnall,jbagnall3e@wikimedia.org,2500
124,Mill,Magowan,mmagowan3f@youtu.be,LS
125,Mary,Kinnane,mkinnane3g@ezinearticles.com,XLR-V
126,Lee,Bettleson,lbettleson3h@businesswire.com,Ram 1500
127,Lavinie,McInnery,lmcinnery3i@senate.gov,T100
128,Annadiane,Penfold,apenfold3j@arizona.edu,Commander
129,Aron,Gillease,agillease3k@mashable.com,Sentra
130,Gnni,Paterson,gpaterson3l@parallels.com,Bonneville
131,Carly,Carcass,ccarcass3m@reddit.com,Q
132,Meris,Mohammed,mmohammed3n@ftc.gov,Ridgeline
133,Artair,Cassimer,acassimer3o@huffingtonpost.com,IS
134,Minda,Baddam,mbaddam3p@webs.com,QX
135,Berny,Elecum,belecum3q@tripod.com,1500
136,Sarge,Pollicote,spollicote3r@latimes.com,968
137,Georas,Brumpton,gbrumpton3s@comsenz.com,80
138,Janaye,Petri,jpetri3t@4shared.com,300TE
139,Amery,Pays,apays3u@businesswire.com,Suburban 1500
140,Prue,Bohlens,pbohlens3v@jimdo.com,545
141,Truda,Beresford,tberesford3w@dailymotion.com,Passat
142,Dell,Darben,ddarben3x@ustream.tv,GT-R
143,Calvin,Elsy,celsy3y@cmu.edu,ES
144,Sharron,Papa,spapa3z@smugmug.com,Matrix
145,Sol,Elliott,selliott40@examiner.com,Precis
146,Vachel,Greenhalf,vgreenhalf41@alexa.com,911
147,Cozmo,Seward,cseward42@issuu.com,Forester
148,Angeli,Crumly,acrumly43@hubpages.com,Safari
149,Westley,Redan,wredan44@spiegel.de,Accord
150,Ravi,Millis,rmillis45@alexa.com,M-Class
151,Siusan,Doick,sdoick46@clickbank.net,Laser
152,Eran,Prine,eprine47@intel.com,Ram Van 1500
153,Pegeen,MacAree,pmacaree48@sourceforge.net,XL-7
154,Elenore,Weakley,eweakley49@bloglovin.com,Pacifica
155,Cristen,Pumphrey,cpumphrey4a@bizjournals.com,Riviera
156,Mathe,Towsie,mtowsie4b@pinterest.com,M
157,Joshia,Bellee,jbellee4c@uiuc.edu,7 Series
158,Woody,Keay,wkeay4d@deviantart.com,Avenger
159,Pia,Coolican,pcoolican4e@digg.com,Challenger
160,Priscella,O'Keefe,pokeefe4f@smugmug.com,Venture
161,Clarey,Caunce,ccaunce4g@fotki.com,Phantom
162,Tansy,Stelli,tstelli4h@hugedomains.com,Silverado 2500
163,Zack,Chsteney,zchsteney4i@biblegateway.com,9000
164,Gibb,Jakab,gjakab4j@state.tx.us,968
165,Mara,MacNeely,mmacneely4k@drupal.org,Murciélago
166,Shel,Ladds,sladds4l@amazon.de,MKX
167,Shayne,Hamor,shamor4m@adobe.com,Ram 2500
168,Zitella,Juett,zjuett4n@bing.com,Cayman
169,Lazarus,Gonsalo,lgonsalo4o@narod.ru,M-Class
170,Olivia,Mallia,omallia4p@pcworld.com,New Beetle
171,Haily,Jayume,hjayume4q@ebay.com,Sebring
172,Raul,Roderick,rroderick4r@dailymotion.com,TSX
173,Delmore,Fessler,dfessler4s@dyndns.org,XC70
174,Brenda,Plumtree,bplumtree4t@cmu.edu,Cultus
175,Cirilo,Mostin,cmostin4u@symantec.com,CTS
176,Dianne,Gernier,dgernier4v@jiathis.com,Econoline E150
177,Jonis,Silvers,jsilvers4w@vimeo.com,Tacoma Xtra
178,Dion,Keri,dkeri4x@ow.ly,xB
179,Shepperd,Buxsey,sbuxsey4y@google.com,S40
180,Paddy,Wasteney,pwasteney4z@rambler.ru,Yukon
181,Leia,Arniz,larniz50@cisco.com,V50
182,Baron,Joire,bjoire51@wired.com,Alcyone SVX
183,Patrick,Dick,pdick52@squarespace.com,Mustang
184,Hollis,Vyel,hvyel53@sfgate.com,Skyhawk
185,Chelsae,McCloughlin,cmccloughlin54@fotki.com,Diablo
186,Eveleen,Braunds,ebraunds55@hexun.com,Ram 3500
187,Dirk,Searle,dsearle56@cdc.gov,Econoline E250
188,Delaney,Neem,dneem57@a8.net,Leganza
189,Stacee,Sellor,ssellor58@seattletimes.com,S10
190,Cordy,Bunch,cbunch59@hud.gov,Jetta
191,Wolfie,Goodwell,wgoodwell5a@samsung.com,ZX2
192,Jade,Insall,jinsall5b@scribd.com,Astro
193,Selestina,Haslewood,shaslewood5c@webs.com,Silverado 1500
194,Minnnie,Judkin,mjudkin5d@github.io,Enclave
195,Stillmann,Wais,swais5e@github.com,Mirage
196,Shay,Lantiffe,slantiffe5f@newyorker.com,DB9
197,Virgilio,Devenport,vdevenport5g@domainmarket.com,SLX
198,Angela,MacDermid,amacdermid5h@umich.edu,Type 2
199,Tabina,Rannells,trannells5i@ca.gov,Continental Mark VII
200,Urbain,Ragge,uragge5j@nydailynews.com,Tribeca
201,Trista,Brislen,tbrislen5k@blogtalkradio.com,Suburban 1500
202,Gwendolen,Blumson,gblumson5l@angelfire.com,Ranger
203,Hinze,Faughny,hfaughny5m@fema.gov,Freestyle
204,Maye,Tomalin,mtomalin5n@webnode.com,Alero
205,Katti,Zammett,kzammett5o@wp.com,New Beetle
206,Dallon,Pawlett,dpawlett5p@linkedin.com,Concorde
207,Teodoor,Crimpe,tcrimpe5q@home.pl,Firebird
208,Gerick,Kubik,gkubik5r@acquirethisname.com,S-Class
209,Aurore,Kettlestringe,akettlestringe5s@army.mil,Legacy
210,Farly,Skade,fskade5t@columbia.edu,Tracker
211,Averell,Tripney,atripney5u@comsenz.com,DeVille
212,Gale,Prichard,gprichard5v@uol.com.br,Corvette
213,Annetta,Engledow,aengledow5w@gravatar.com,Civic
214,Nathanil,Vittori,nvittori5x@multiply.com,Skylark
215,Washington,Boothebie,wboothebie5y@freewebs.com,Ridgeline
216,Bradly,Jordin,bjordin5z@psu.edu,Escalade
217,Magdalena,Dytham,mdytham60@artisteer.com,Altima
218,Claire,Swindlehurst,cswindlehurst61@wired.com,S-Series
219,Happy,Golightly,hgolightly62@aol.com,Odyssey
220,Timothea,Cowdroy,tcowdroy63@phpbb.com,LX
221,Millicent,Overell,moverell64@mysql.com,E350
222,Jerri,Slinn,jslinn65@mit.edu,Malibu Maxx
223,Bucky,Kennan,bkennan66@reverbnation.com,911
224,Gerard,Divine,gdivine67@zimbio.com,Matrix
225,Liva,Treharne,ltreharne68@nasa.gov,Reventón
226,Wilden,Ansty,wansty69@gov.uk,SL-Class
227,Melessa,Harbertson,mharbertson6a@hostgator.com,Bronco
228,Cathe,Manketell,cmanketell6b@miitbeian.gov.cn,Escape
229,Jaine,Brastead,jbrastead6c@dailymotion.com,I
230,Gun,Eliet,geliet6d@amazon.com,Tiburon
231,Mary,Labusch,mlabusch6e@purevolume.com,C-Class
232,Grace,Runcieman,gruncieman6f@timesonline.co.uk,CL-Class
233,Whit,Shoppee,wshoppee6g@irs.gov,Cayenne
234,Leyla,Todarello,ltodarello6h@studiopress.com,Sidekick
235,Sheff,Pallister,spallister6i@lycos.com,Aerostar
236,Sisely,Smye,ssmye6j@shop-pro.jp,RAV4
237,Morgen,Zealy,mzealy6k@usnews.com,1500
238,Jana,Cadell,jcadell6l@sakura.ne.jp,S-Class
239,Sigismondo,Madden,smadden6m@patch.com,LeSabre
240,Lanette,Monteaux,lmonteaux6n@uiuc.edu,Explorer
241,Jasen,Martinat,jmartinat6o@blogspot.com,900
242,Thibaud,Ivanchov,tivanchov6p@unblog.fr,Caliber
243,Ephrem,Jagger,ejagger6q@cbc.ca,TSX
244,Annalise,Howard,ahoward6r@smugmug.com,Cabriolet
245,Melisent,Grodden,mgrodden6s@jalbum.net,Thunderbird
246,Ashien,Gislebert,agislebert6t@fda.gov,Prizm
247,Zilvia,Humbert,zhumbert6u@scientificamerican.com,IS
248,Richmound,Bolt,rbolt6v@google.nl,Focus
249,Addi,Shakesby,ashakesby6w@blogtalkradio.com,Express 3500
250,Ebonee,Jirick,ejirick6x@shareasale.com,400SE
251,Hurleigh,Rosendahl,hrosendahl6y@dailymotion.com,Colorado
252,Joli,Evelyn,jevelyn6z@google.it,Grand Marquis
253,Emelyne,Reding,ereding70@i2i.jp,M-Class
254,Dotty,Landrean,dlandrean71@europa.eu,SLK-Class
255,Lilllie,Matelaitis,lmatelaitis72@deviantart.com,Econoline E250
256,Burg,Milsted,bmilsted73@oakley.com,Q7
257,Breena,Vowell,bvowell74@google.com.hk,MPV
258,Fanechka,Grigoli,fgrigoli75@hostgator.com,Allroad
259,Karlen,Kalkofer,kkalkofer76@gov.uk,Lancer
260,Ruthie,MacInnes,rmacinnes77@msn.com,Galant
261,Trudie,Seres,tseres78@about.com,M3
262,Hermione,Dinwoodie,hdinwoodie79@cafepress.com,SX4
263,Rici,Jendrach,rjendrach7a@auda.org.au,Navajo
264,Berri,De Maine,bdemaine7b@topsy.com,Trans Sport
265,Mellisent,Destouche,mdestouche7c@wikipedia.org,Excursion
266,Hermina,Gardener,hgardener7d@cargocollective.com,G
267,Gareth,Calven,gcalven7e@ameblo.jp,Mirage
268,Weston,O'Bruen,wobruen7f@blogs.com,Camaro
269,Giffer,Tredget,gtredget7g@tamu.edu,Brooklands
270,Bertram,Lukasen,blukasen7h@webeden.co.uk,Integra
271,Umeko,Clears,uclears7i@vkontakte.ru,DBS
272,Hurleigh,Goodger,hgoodger7j@discovery.com,GranSport
273,Malvin,Lamey,mlamey7k@geocities.com,Samurai
274,Bentley,Braghini,bbraghini7l@cam.ac.uk,TundraMax
275,Eadith,Workman,eworkman7m@opera.com,IS-F
276,Christiana,Dobell,cdobell7n@hatena.ne.jp,Avalon
277,Lucius,Willows,lwillows7o@admin.ch,Taurus
278,Carry,Nassi,cnassi7p@slashdot.org,Space
279,Shelli,Toffoloni,stoffoloni7q@arstechnica.com,3500
280,Gilles,Pennock,gpennock7r@imdb.com,BRZ
281,Delia,Gladdifh,dgladdifh7s@newsvine.com,Mustang
282,Thurston,Hodgets,thodgets7t@examiner.com,Explorer
283,Etty,MacNaughton,emacnaughton7u@themeforest.net,TT
284,Micky,Riseley,mriseley7v@blogger.com,Sonata
285,Alexandros,Seeney,aseeney7w@symantec.com,RX-7
286,Mora,Cromarty,mcromarty7x@google.ru,i-MiEV
287,Garreth,Gile,ggile7y@answers.com,SJ
288,Winny,Gavrieli,wgavrieli7z@tumblr.com,LaCrosse
289,Ashli,Regus,aregus80@macromedia.com,911
290,Natty,Bardill,nbardill81@goo.ne.jp,Express 2500
291,Vivyanne,Tolliday,vtolliday82@noaa.gov,TL
292,Gloriane,Wisdom,gwisdom83@yellowpages.com,H1
293,Stanislas,Parr,sparr84@wufoo.com,Murciélago
294,Curt,Boast,cboast85@usnews.com,CR-V
295,Emelda,Faircley,efaircley86@google.com,Corvair
296,Bearnard,Alben,balben87@indiatimes.com,CL-Class
297,Malva,Buey,mbuey88@wp.com,228
298,Sashenka,Dunseath,sdunseath89@mediafire.com,911
299,Crystie,Scarborough,cscarborough8a@skyrock.com,S2000
300,Chrysa,Nichols,cnichols8b@spotify.com,Caprice
301,Daisi,Claremont,dclaremont8c@latimes.com,C-Class
302,Stephannie,Ivanchikov,sivanchikov8d@cargocollective.com,Crown Victoria
303,Stu,Maddra,smaddra8e@about.com,Sable
304,Feodora,Dunseith,fdunseith8f@irs.gov,Sonata
305,Bert,Spurriar,bspurriar8g@springer.com,Lynx
306,Morty,Rigmand,mrigmand8h@list-manage.com,Ram 1500 Club
307,Allis,Reese,areese8i@simplemachines.org,Impala
308,Edmund,Oldcroft,eoldcroft8j@cocolog-nifty.com,Corsica
309,Rickert,Olivetta,rolivetta8k@linkedin.com,3 Series
310,Rabbi,Aucock,raucock8l@biblegateway.com,Esteem
311,Elga,Popham,epopham8m@miitbeian.gov.cn,Corvette
312,Celie,Congreave,ccongreave8n@dailymail.co.uk,2500
313,Dorolisa,Dilkes,ddilkes8o@indiatimes.com,Xterra
314,Roldan,Kerner,rkerner8p@illinois.edu,M-Class
315,Gray,Bondesen,gbondesen8q@networkadvertising.org,Sierra 3500
316,Margaux,Pinner,mpinner8r@npr.org,Cooper Clubman
317,Sharyl,Ingram,singram8s@gov.uk,Corvette
318,Nadeen,Dillicate,ndillicate8t@guardian.co.uk,Sephia
319,Deidre,Philipet,dphilipet8u@facebook.com,Navigator
320,Berta,Ardling,bardling8v@homestead.com,B-Series
321,Taber,Hurdedge,thurdedge8w@google.pl,Optima
322,Hugibert,Dunbabin,hdunbabin8x@dagondesign.com,Avalanche 2500
323,Bernardine,Phelp,bphelp8y@nature.com,Esprit Turbo
324,Bernarr,Brient,bbrient8z@miitbeian.gov.cn,X5 M
325,Howie,Mayling,hmayling90@google.de,Jimmy
326,Ulrich,Reihm,ureihm91@hao123.com,GTI
327,Bessy,Bloxam,bbloxam92@posterous.com,Suburban 2500
328,Ashton,Stillman,astillman93@fastcompany.com,GTI
329,Belvia,Agent,bagent94@sun.com,B-Series
330,Alard,Heymann,aheymann95@apache.org,Envoy XL
331,Stacy,Kitman,skitman96@google.com.au,IS F
332,Ranice,Konmann,rkonmann97@bandcamp.com,Civic Si
333,Bibby,Waterfall,bwaterfall98@bluehost.com,XF
334,Tybalt,Pears,tpears99@flavors.me,E-Class
335,Griffith,Spring,gspring9a@time.com,F150
336,Nicolea,Malimoe,nmalimoe9b@liveinternet.ru,FX
337,Charline,Wrathmall,cwrathmall9c@alibaba.com,W201
338,Marcile,Simanek,msimanek9d@newsvine.com,Aerostar
339,Joe,Baughan,jbaughan9e@yelp.com,Sierra 2500
340,Matti,Dyka,mdyka9f@biblegateway.com,Milan
341,Alberta,Sellwood,asellwood9g@businessweek.com,GTI
342,Vincents,Gillani,vgillani9h@photobucket.com,Charger
343,Berton,Domange,bdomange9i@4shared.com,RDX
344,Olenka,Shenfish,oshenfish9j@g.co,Forte
345,Falkner,Foukx,ffoukx9k@walmart.com,9-3
346,Tiertza,Kornes,tkornes9l@posterous.com,TT
347,Rossie,Dabell,rdabell9m@amazon.co.jp,Land Cruiser
348,Ricki,Menguy,rmenguy9n@newyorker.com,Range Rover
349,Derward,Caton,dcaton9o@ebay.co.uk,Jetta
350,Keelia,Riddall,kriddall9p@moonfruit.com,Sierra 2500
351,Lenna,Walisiak,lwalisiak9q@foxnews.com,S-Class
352,Wylma,Scoggan,wscoggan9r@ebay.com,Cayman
353,Urbain,Gabbotts,ugabbotts9s@youtu.be,Lancer
354,Scottie,Acum,sacum9t@nyu.edu,FX
355,Timotheus,Leggen,tleggen9u@amazon.com,Phaeton
356,Etan,Gainfort,egainfort9v@skype.com,Grand Marquis
357,Niels,Bosson,nbosson9w@pbs.org,Prelude
358,Worth,Conkie,wconkie9x@bloglovin.com,Aerio
359,Daffie,Ratlee,dratlee9y@github.com,Voyager
360,Bobine,Vasiltsov,bvasiltsov9z@umich.edu,Precis
361,Osbert,Wisedale,owisedalea0@skype.com,Corvette
362,Koren,Saladino,ksaladinoa1@economist.com,M
363,Melitta,Adlington,madlingtona2@indiatimes.com,Pacifica
364,Jody,Farquarson,jfarquarsona3@answers.com,Panamera
365,Iona,Houselee,ihouseleea4@nasa.gov,Q5
366,Jacenta,Pauli,jpaulia5@independent.co.uk,Mazda3
367,Allison,Hillan,ahillana6@sciencedirect.com,Yukon XL 2500
368,Sayers,Baudts,sbaudtsa7@google.com.au,1000
369,Ralina,Walding,rwaldinga8@issuu.com,Kizashi
370,Kendell,Dawber,kdawbera9@tinyurl.com,Grand Prix
371,Mimi,Neilus,mneilusaa@blogtalkradio.com,Suburban 1500
372,Putnem,Trehearne,ptrehearneab@irs.gov,Ranger
373,Hansiain,Pring,hpringac@oaic.gov.au,911
374,Angelico,Choldcroft,acholdcroftad@deliciousdays.com,Avenger
375,Fremont,Keys,fkeysae@amazon.com,FX
376,Orelle,Hughes,ohughesaf@yellowpages.com,Monaro
377,Ulises,Perree,uperreeag@imageshack.us,Ranger
378,Jean,Grier,jgrierah@opensource.org,Defender
379,Quint,MacPharlain,qmacpharlainai@a8.net,Corvette
380,Ernaline,Reuble,ereubleaj@discovery.com,E-Series
381,Emylee,Winks,ewinksak@army.mil,C-Class
382,Ban,Genny,bgennyal@homestead.com,E350
383,Faustina,Coultish,fcoultisham@sina.com.cn,riolet
384,Belvia,Welbeck,bwelbeckan@sciencedirect.com,Expedition
385,Gerty,Gillmore,ggillmoreao@opera.com,Aerostar
386,Stavros,Heckney,sheckneyap@mayoclinic.com,7 Series
387,Willabella,Worling,wworlingaq@tinyurl.com,Continental Mark VII
388,Jammie,Theaker,jtheakerar@xing.com,100
389,Waylon,Start,wstartas@ustream.tv,100
390,Kizzee,Dawidowsky,kdawidowskyat@upenn.edu,Grand Marquis
391,Merna,Kleeborn,mkleebornau@lycos.com,Civic
392,Jolyn,Goulden,jgouldenav@exblog.jp,Festiva
393,Alison,Gravie,agravieaw@pcworld.com,Navigator
394,Julia,Clementson,jclementsonax@salon.com,Camaro
395,Morie,Gomersal,mgomersalay@indiegogo.com,Riviera
396,Ravi,Matthaus,rmatthausaz@engadget.com,Grand Marquis
397,Alexi,Ovitz,aovitzb0@pen.io,Mazdaspeed 3
398,Spense,Blount,sblountb1@last.fm,E350
399,Lynett,Middas,lmiddasb2@altervista.org,300D
400,Grange,Fominov,gfominovb3@meetup.com,Sonata
401,Bartolemo,Macari,bmacarib4@un.org,S80
402,Harvey,Arnault,harnaultb5@shareasale.com,LeMans
403,Prentice,Enticknap,penticknapb6@goo.ne.jp,CTS
404,Avigdor,Cicchillo,acicchillob7@state.gov,Town Car
405,Jamill,Calliss,jcallissb8@last.fm,Veyron
406,Nero,Yusupov,nyusupovb9@army.mil,QX56
407,Winnie,Marjoribanks,wmarjoribanksba@angelfire.com,Sierra 3500
408,Mathias,Mickleburgh,mmickleburghbb@sun.com,Suburban 1500
409,Jackson,Oakenford,joakenfordbc@marketwatch.com,Silverado
410,Krissy,Gabb,kgabbbd@theatlantic.com,Cutlass
411,Laraine,Cage,lcagebe@cnbc.com,Accord
412,Carroll,Joburn,cjoburnbf@surveymonkey.com,Town Car
413,Art,Biscomb,abiscombbg@nasa.gov,Millenia
414,Darnall,Butland,dbutlandbh@scribd.com,Countryman
415,Marylin,Fouldes,mfouldesbi@eventbrite.com,Envoy
416,Anson,Chalmers,achalmersbj@nasa.gov,Mazda5
417,Rey,Bredgeland,rbredgelandbk@ezinearticles.com,Esteem
418,Kerr,O'Doherty,kodohertybl@xrea.com,T100
419,Haroun,Mico,hmicobm@google.ca,SL-Class
420,Clayton,Grancher,cgrancherbn@dmoz.org,Outlander
421,Maiga,Adnet,madnetbo@hibu.com,S40
422,Harriette,Riseam,hriseambp@pbs.org,Vitara
423,Shannon,Hugin,shuginbq@simplemachines.org,Rally Wagon 2500
424,Munroe,McCutcheon,mmccutcheonbr@earthlink.net,Sable
425,Rhys,Grinvalds,rgrinvaldsbs@admin.ch,Focus
426,Olenolin,Verbeek,overbeekbt@comsenz.com,XC90
427,Garvy,Muro,gmurobu@wikia.com,Quattroporte
428,Adena,Crookston,acrookstonbv@elegantthemes.com,Grand Prix
429,Cesya,McTeague,cmcteaguebw@yellowpages.com,600SEL
430,Haleigh,Verrier,hverrierbx@altervista.org,Camaro
431,Carlyn,Heugle,cheugleby@creativecommons.org,Mountaineer
432,Bernetta,Urridge,burridgebz@alexa.com,Stratus
433,Manny,Lonsbrough,mlonsbroughc0@blinklist.com,M5
434,Abeu,Callear,acallearc1@google.com.hk,Hombre
435,Cleveland,Waycot,cwaycotc2@mac.com,Z4 M Roadster
436,Elicia,Purcell,epurcellc3@wisc.edu,Firebird
437,Tan,MacHostie,tmachostiec4@comcast.net,Riviera
438,Emelita,Offener,eoffenerc5@foxnews.com,LeMans
439,Nefen,Robardet,nrobardetc6@patch.com,9000
440,Chiquia,Stronough,cstronoughc7@ca.gov,Millenia
441,Orville,Balden,obaldenc8@cbsnews.com,Tahoe
442,Margarita,Compford,mcompfordc9@pbs.org,Suburban 2500
443,Bride,Moseley,bmoseleyca@telegraph.co.uk,Tracer
444,Walden,Extence,wextencecb@stumbleupon.com,350Z
445,Leopold,Best,lbestcc@odnoklassniki.ru,911
446,Odette,Knevett,oknevettcd@cpanel.net,Supra
447,Modestia,Petruska,mpetruskace@godaddy.com,Sonoma
448,Clemmy,Baggelley,cbaggelleycf@list-manage.com,xB
449,Natalie,Lambregts,nlambregtscg@vimeo.com,Odyssey
450,Daffy,Greensmith,dgreensmithch@themeforest.net,V40
451,Cristie,Palfreyman,cpalfreymanci@gravatar.com,Journey
452,Mickie,Skudder,mskuddercj@purevolume.com,Leganza
453,Sofia,Kampshell,skampshellck@omniture.com,Explorer
454,Sammie,Rozalski,srozalskicl@wordpress.org,Camry
455,Jeremie,D'Oyley,jdoyleycm@chron.com,Mountaineer
456,Fairfax,Loweth,flowethcn@xrea.com,Silverado 1500
457,Hunfredo,Wisson,hwissonco@ehow.com,GTI
458,Elle,Dominguez,edominguezcp@blog.com,LS
459,Burk,Huetson,bhuetsoncq@google.com.br,Caprice
460,Amandy,Blabie,ablabiecr@is.gd,Yukon
461,Jeniffer,Barkley,jbarkleycs@e-recht24.de,Explorer Sport Trac
462,Lorenzo,Jaquet,ljaquetct@dion.ne.jp,Fit
463,Fanni,Brisard,fbrisardcu@ocn.ne.jp,Savana
464,Nathalia,Fuzzard,nfuzzardcv@va.gov,Pathfinder
465,Leanor,Selway,lselwaycw@bbb.org,Verona
466,Shantee,Warry,swarrycx@eepurl.com,Echo
467,Maisie,Boyford,mboyfordcy@ovh.net,3500 Club Coupe
468,Jeanine,Gong,jgongcz@mozilla.com,Range Rover
469,Starlin,Boate,sboated0@nps.gov,6000
470,Neale,Woodier,nwoodierd1@economist.com,Lynx
471,Shane,Searight,ssearightd2@ed.gov,Excel
472,Babara,Glasgow,bglasgowd3@ft.com,Celica
473,Hermia,Meco,hmecod4@godaddy.com,Mighty Max Macro
474,Grant,Stanex,gstanexd5@1und1.de,968
475,Lorita,Jillins,ljillinsd6@go.com,Sephia
476,Marris,Maliffe,mmaliffed7@sphinn.com,Achieva
477,Ernestine,Pearsey,epearseyd8@yahoo.com,Aztek
478,Adella,Rodliff,arodliffd9@admin.ch,B-Series Plus
479,Hobie,Reef,hreefda@dailymotion.com,Jetta
480,Marilin,Millimoe,mmillimoedb@blog.com,TrailBlazer
481,Marcela,Peepall,mpeepalldc@icio.us,Grand Am
482,Clemmie,Edmondson,cedmondsondd@mapquest.com,Q7
483,Eleanora,Gunby,egunbyde@ifeng.com,Firebird
484,Emilia,Tembridge,etembridgedf@cbslocal.com,Malibu
485,Fredelia,Tempest,ftempestdg@altervista.org,Gemini
486,Kevyn,Battams,kbattamsdh@abc.net.au,Ram 3500
487,Pyotr,Enrietto,penriettodi@go.com,Celica
488,Whitney,Kulis,wkulisdj@csmonitor.com,Mustang
489,Nettle,Fanton,nfantondk@ifeng.com,X6
490,Elsbeth,Rubinovitch,erubinovitchdl@ovh.net,Amigo
491,Linzy,Launder,llaunderdm@sciencedirect.com,Prowler
492,Ervin,Londing,elondingdn@ifeng.com,GL-Class
493,Dori,McPike,dmcpikedo@jigsy.com,A6
494,Von,Truce,vtrucedp@instagram.com,D150
495,Nevsa,Gates,ngatesdq@is.gd,rio
496,Wells,Faltin,wfaltindr@narod.ru,Suburban 1500
497,Carmelle,Zecchinii,czecchiniids@imgur.com,Bonneville
498,Karisa,Bashford,kbashforddt@mtv.com,Continental Mark VII
499,Garland,Earley,gearleydu@senate.gov,VehiCROSS
500,Abe,Trenaman,atrenamandv@cisco.com,Celica
501,Marley,Simonson,msimonsondw@marriott.com,Mountaineer
502,Kathrine,Biasini,kbiasinidx@mediafire.com,Exige
503,Rosetta,Kacheler,rkachelerdy@mapquest.com,Montero
504,Franciskus,Brierly,fbrierlydz@cmu.edu,Tacoma
505,Cornie,Bayston,cbaystone0@princeton.edu,Genesis Coupe
506,Dionisio,Marrow,dmarrowe1@usatoday.com,Sidekick
507,Hew,Klaaasen,hklaaasene2@ted.com,Jetta
508,Jamie,Koschke,jkoschkee3@rambler.ru,A5
509,Dukey,Creaser,dcreasere4@dagondesign.com,Escalade
510,Otha,Foale,ofoalee5@hexun.com,Prizm
511,Shepard,Vassman,svassmane6@wufoo.com,Ram Wagon B350
512,Haskell,Niesegen,hniesegene7@cnbc.com,Fit
513,Patrica,Stonhouse,pstonhousee8@tiny.cc,Yukon
514,Arlene,Hanby,ahanbye9@webeden.co.uk,Nubira
515,Sydney,Dorset,sdorsetea@oakley.com,Fusion
516,Rodger,Lowery,rloweryeb@prweb.com,Navajo
517,Percy,Flowith,pflowithec@cargocollective.com,Land Cruiser
518,Fulton,Reynish,freynished@china.com.cn,S-Type
519,Zerk,Tippin,ztippinee@wiley.com,Montana
520,Hymie,Pickard,hpickardef@unblog.fr,Justy
521,Inessa,Hugues,ihugueseg@privacy.gov.au,Endeavor
522,Burnard,Fike,bfikeeh@dion.ne.jp,911
523,Brett,Phil,bphilei@yale.edu,V70
524,Wilmar,Cassley,wcassleyej@uiuc.edu,E150
525,Nanni,Rastrick,nrastrickek@who.int,Ghost
526,Sharlene,Schleicher,sschleicherel@gnu.org,Swift
527,Keen,Leades,kleadesem@indiatimes.com,Taurus
528,Dido,Haszard,dhaszarden@bloglines.com,Pilot
529,Odille,Bloom,obloomeo@phoca.cz,xB
530,Becki,Shapcote,bshapcoteep@cbc.ca,Fiesta
531,Burk,Bullan,bbullaneq@adobe.com,del Sol
532,Tiebold,Petrelluzzi,tpetrelluzzier@hud.gov,Silverado
533,Evonne,Jarrelt,ejarreltes@aboutads.info,9-3
534,Harbert,Argrave,hargraveet@canalblog.com,MKS
535,Ronny,Gianetti,rgianettieu@squidoo.com,Avalon
536,Dom,Walkington,dwalkingtonev@salon.com,QX56
537,Lorelle,Durdle,ldurdleew@google.pl,C70
538,Randy,Jaquet,rjaquetex@accuweather.com,Sorento
539,Lorain,Benoist,lbenoistey@webnode.com,M-Class
540,Georgiana,Valance,gvalanceez@symantec.com,Jetta
541,Sharon,Sterke,ssterkef0@bizjournals.com,Corvette
542,Zola,Braksper,zbraksperf1@amazon.co.uk,A5
543,Mattheus,Halse,mhalsef2@oakley.com,Tercel
544,Saidee,Casier,scasierf3@nyu.edu,Sonata
545,Myranda,Simson,msimsonf4@apple.com,M-Class
546,Amelina,Verzey,averzeyf5@patch.com,Chariot
547,Abbye,Rottcher,arottcherf6@arstechnica.com,riolet
548,Mozelle,Nickless,mnicklessf7@behance.net,Aspen
549,Elsi,Iverson,eiversonf8@hhs.gov,Mariner
550,Auroora,Harkes,aharkesf9@google.cn,Vitara
551,Kenon,Nouch,knouchfa@prlog.org,Ram
552,Ilaire,Pynn,ipynnfb@census.gov,Caravan
553,Amory,Neilands,aneilandsfc@digg.com,M3
554,Elnar,Matskevich,ematskevichfd@livejournal.com,Regal
555,Kay,Skitch,kskitchfe@hc360.com,Tacoma Xtra
556,Sioux,Littefair,slittefairff@bluehost.com,Liberty
557,Berke,Killich,bkillichfg@google.ru,Cabriolet
558,Freeman,Neubigging,fneubiggingfh@apache.org,Suburban 2500
559,Kirk,Britcher,kbritcherfi@washingtonpost.com,Highlander
560,Ajay,Ashfold,aashfoldfj@arstechnica.com,1500
561,Munroe,Megson,mmegsonfk@digg.com,Monterey
562,Regan,Jacquemet,rjacquemetfl@com.com,RX-7
563,Lottie,Birdis,lbirdisfm@apache.org,Express 1500
564,Lyle,Dury,lduryfn@skype.com,Boxster
565,Josselyn,MacGow,jmacgowfo@tinyurl.com,Odyssey
566,Florenza,Bath,fbathfp@pagesperso-orange.fr,Sierra 3500
567,Granger,Hatfull,ghatfullfq@state.tx.us,Escort
568,Darn,Gwyther,dgwytherfr@nydailynews.com,J
569,Kaylil,Laux,klauxfs@indiegogo.com,LR4
570,Goddard,Nadin,gnadinft@pagesperso-orange.fr,Solara
571,Rois,Jaffa,rjaffafu@ucsd.edu,GTO
572,Wilbert,Gemmell,wgemmellfv@reuters.com,GTI
573,Cornelia,Pavyer,cpavyerfw@indiatimes.com,Ram 2500
574,Mal,Scupham,mscuphamfx@shutterfly.com,GTI
575,Cherice,Caplen,ccaplenfy@sfgate.com,Town Car
576,Cece,Feldstern,cfeldsternfz@buzzfeed.com,Maxima
577,Barney,McGawn,bmcgawng0@flavors.me,Kizashi
578,Kerk,Bleazard,kbleazardg1@yahoo.co.jp,Ram Van 1500
579,Jennica,Gaggen,jgaggeng2@auda.org.au,9000
580,Vick,Moreland,vmorelandg3@latimes.com,Passat
581,Penny,Cominello,pcominellog4@devhub.com,Sportage
582,Johnny,Rollin,jrolling5@walmart.com,Golf
583,Klaus,Dacks,kdacksg6@behance.net,Cayenne
584,Gerek,Prewer,gprewerg7@bbc.co.uk,Aura
585,Kerby,Stoving,kstovingg8@list-manage.com,Grand Prix
586,Thoma,Robke,trobkeg9@quantcast.com,S80
587,Ninette,Bernuzzi,nbernuzziga@eventbrite.com,QX
588,Eddi,Branscomb,ebranscombgb@cdbaby.com,Fiero
589,Araldo,Salleir,asalleirgc@fc2.com,Miata MX-5
590,Dniren,Asche,daschegd@epa.gov,Silverado
591,Allayne,Kesby,akesbyge@reverbnation.com,Type 2
592,Clari,O'Dempsey,codempseygf@newsvine.com,GS
593,Keene,Rooze,kroozegg@infoseek.co.jp,Voyager
594,Beitris,Maillard,bmaillardgh@fastcompany.com,Sentra
595,Oralee,Wickliffe,owickliffegi@howstuffworks.com,Mystique
596,Saul,Hafford,shaffordgj@google.co.jp,Diablo
597,Anastasie,Reavey,areaveygk@bloomberg.com,Matrix
598,Collen,Minichillo,cminichillogl@live.com,Freestyle
599,Harvey,Goldsworthy,hgoldsworthygm@wordpress.com,Montero Sport
600,Cornelia,Ferreras,cferrerasgn@studiopress.com,Ram 3500
601,Patricia,Barley,pbarleygo@blogs.com,Tahoe
602,Siobhan,Sweedland,ssweedlandgp@imgur.com,Eclipse
603,Horace,Authers,hauthersgq@imgur.com,Sequoia
604,Catlaina,Arbor,carborgr@engadget.com,300CE
605,Chloris,Boichat,cboichatgs@zdnet.com,SX4
606,Gweneth,Staner,gstanergt@nps.gov,350Z
607,Lorinda,Mews,lmewsgu@nhs.uk,Legacy
608,Angelle,Shillinglaw,ashillinglawgv@free.fr,CR-V
609,Valery,Dyerson,vdyersongw@jugem.jp,Grand Vitara
610,Buddie,Sutlieff,bsutlieffgx@cam.ac.uk,Optima
611,Angus,Voelker,avoelkergy@ustream.tv,Caravan
612,Dara,Hunnicutt,dhunnicuttgz@slashdot.org,Golf
613,Evvie,Drewett,edrewetth0@state.tx.us,Compass
614,Rem,Fackney,rfackneyh1@macromedia.com,Sierra 3500
615,Torr,Roofe,troofeh2@photobucket.com,X-90
616,Ryan,Drennan,rdrennanh3@mapy.cz,Esprit
617,Friedrick,Thies,fthiesh4@springer.com,PT Cruiser
618,Hannie,Addy,haddyh5@facebook.com,900
619,Lion,Coventry,lcoventryh6@liveinternet.ru,Crown Victoria
620,Nehemiah,Swepstone,nswepstoneh7@purevolume.com,Xtra
621,Maurie,Colvine,mcolvineh8@last.fm,F-Series Super Duty
622,Artemus,Abson,aabsonh9@oakley.com,Sprinter 3500
623,Adeline,Perocci,aperocciha@mac.com,LS
624,Candice,Kezor,ckezorhb@cafepress.com,Coachbuilder
625,Buck,Perocci,bperoccihc@angelfire.com,Wrangler
626,Nadia,Acum,nacumhd@e-recht24.de,Suburban 2500
627,Jaquenetta,Farleigh,jfarleighhe@globo.com,RSX
628,Debbi,Tattersdill,dtattersdillhf@multiply.com,Versa
629,Darbie,Belt,dbelthg@cnet.com,F-Series
630,Ari,Reef,areefhh@nyu.edu,Rogue
631,Adda,Sazio,asaziohi@psu.edu,S40
632,Tommi,Whartonby,twhartonbyhj@plala.or.jp,Diablo
633,Sharona,Jori,sjorihk@about.com,6000
634,Stevena,Beasley,sbeasleyhl@themeforest.net,E350
635,Jana,Peirpoint,jpeirpointhm@sun.com,Pathfinder
636,Ilario,Cheavin,icheavinhn@bandcamp.com,Sentra
637,Gianna,Abdy,gabdyho@ox.ac.uk,Intrepid
638,Edee,Haresnape,eharesnapehp@freewebs.com,Park Avenue
639,Guilbert,Murrie,gmurriehq@scribd.com,Ram 2500
640,Michaeline,Orr,morrhr@creativecommons.org,Galant
641,Garrett,Fawthrop,gfawthrophs@ca.gov,Oasis
642,Cristobal,Brik,cbrikht@nature.com,Type 2
643,Denyse,Tidbold,dtidboldhu@barnesandnoble.com,Savana 3500
644,Rafa,Blasius,rblasiushv@mail.ru,Santa Fe
645,Yance,Spawforth,yspawforthhw@dyndns.org,Camry
646,Gregor,Bard,gbardhx@google.co.jp,G-Class
647,Christina,Kerbey,ckerbeyhy@ucoz.com,QX
648,Farr,Tafani,ftafanihz@merriam-webster.com,Lumina
649,Tarra,Meeke,tmeekei0@patch.com,Laser
650,Nancie,Clempton,nclemptoni1@answers.com,California
651,Bertie,McFee,bmcfeei2@godaddy.com,Gallardo
652,Itch,MacCaffrey,imaccaffreyi3@wikimedia.org,G6
653,Florie,Garry,fgarryi4@webeden.co.uk,Diamante
654,Dorthy,Dalyiel,ddalyieli5@icio.us,V40
655,Batsheva,Anster,bansteri6@thetimes.co.uk,XL7
656,Roberta,Waddilow,rwaddilowi7@mashable.com,Legacy
657,Amalee,Gatling,agatlingi8@webmd.com,ES
658,Kiersten,Dello,kdelloi9@ucla.edu,Ram 3500 Club
659,Zelma,Andreuzzi,zandreuzziia@woothemes.com,Legacy
660,Trixi,Klink,tklinkib@360.cn,Highlander
661,Carola,Kelloway,ckellowayic@skyrock.com,525
662,Ewen,Jozsa,ejozsaid@usgs.gov,XJ
663,Francene,Luckham,fluckhamie@delicious.com,Sundance
664,Nichols,Mallord,nmallordif@wikia.com,TL
665,Webster,Lineen,wlineenig@angelfire.com,Tundra
666,Feodor,Westwater,fwestwaterih@ebay.co.uk,R8
667,Stacee,Backshaw,sbackshawii@bluehost.com,LeSabre
668,Reilly,Sey,rseyij@marriott.com,Laser
669,Kimberlee,Pavlitschek,kpavlitschekik@umich.edu,CX-7
670,Larina,Matten,lmattenil@google.co.uk,G-Series G30
671,Rey,Labrow,rlabrowim@ucsd.edu,900
672,Celeste,Danaher,cdanaherin@stumbleupon.com,FX
673,Brittan,Baildon,bbaildonio@facebook.com,4Runner
674,Mick,Biagini,mbiaginiip@hc360.com,88
675,Tera,MacRedmond,tmacredmondiq@nature.com,Sable
676,Brockie,Windridge,bwindridgeir@techcrunch.com,Ram 3500
677,Cesya,Plowman,cplowmanis@utexas.edu,Grand Marquis
678,Willabella,Petrashov,wpetrashovit@salon.com,Mountaineer
679,Linnie,Tilby,ltilbyiu@desdev.cn,9-5
680,Paola,Tarbin,ptarbiniv@noaa.gov,T100
681,Will,Dancy,wdancyiw@hc360.com,Silverado 3500
682,Teresa,Linstead,tlinsteadix@bravesites.com,Dakota
683,Elfreda,Juanes,ejuanesiy@jugem.jp,Crown Victoria
684,Bennie,Sainsberry,bsainsberryiz@theatlantic.com,DeVille
685,Maxwell,Lyst,mlystj0@adobe.com,Navajo
686,Melina,Antwis,mantwisj1@sakura.ne.jp,Accord
687,Danette,Crumpton,dcrumptonj2@sciencedirect.com,Accent
688,Kliment,Swait,kswaitj3@pagesperso-orange.fr,xD
689,Jerry,Hartmann,jhartmannj4@state.gov,Canyon
690,Ronica,Volette,rvolettej5@ow.ly,Pajero
691,Jasun,Lempel,jlempelj6@soup.io,Eldorado
692,Rex,Rusbridge,rrusbridgej7@weibo.com,9-5
693,Claudina,Goering,cgoeringj8@nasa.gov,RX Hybrid
694,Dorrie,Kelmere,dkelmerej9@ifeng.com,2500 Club Coupe
695,Ursula,Teaz,uteazja@4shared.com,Century
696,Nerte,Casey,ncaseyjb@nhs.uk,Stylus
697,Rheta,Mardell,rmardelljc@meetup.com,400SEL
698,Jewelle,Brussell,jbrusselljd@mashable.com,Cabriolet
699,Rudd,Cranny,rcrannyje@amazonaws.com,Suburban 1500
700,Roderic,Burtwhistle,rburtwhistlejf@webmd.com,S60
701,Dionysus,Ivanets,divanetsjg@cafepress.com,Aerostar
702,Romola,Dring,rdringjh@drupal.org,Elantra
703,Odey,Fowley,ofowleyji@census.gov,G5
704,Poppy,Oughtright,poughtrightjj@reference.com,Sprinter
705,Owen,Gabbett,ogabbettjk@fotki.com,Sierra 1500
706,Joceline,Kitchin,jkitchinjl@businesswire.com,Mazda6
707,Genia,Hingeley,ghingeleyjm@hubpages.com,Tempo
708,Burl,Jankovic,bjankovicjn@dropbox.com,Q7
709,Jilly,Ewbach,jewbachjo@wisc.edu,760
710,Bonnie,Schistl,bschistljp@hc360.com,1 Series
711,Orv,Craigheid,ocraigheidjq@sfgate.com,Avalon
712,Jillene,Bottell,jbottelljr@hugedomains.com,Tempo
713,Ondrea,Grigoli,ogrigolijs@vimeo.com,Ram
714,Berke,Burehill,bburehilljt@cafepress.com,Galaxie
715,Tyler,Clausson,tclaussonju@rambler.ru,C8 Spyder
716,Arliene,Torvey,atorveyjv@meetup.com,Sunbird
717,Arri,Wabersinke,awabersinkejw@tmall.com,Aviator
718,Shandee,Van Driel,svandrieljx@lycos.com,Precis
719,Kristel,Sherbrooke,ksherbrookejy@engadget.com,Continental Mark VII
720,Eldridge,Firidolfi,efiridolfijz@reverbnation.com,9-3
721,Hasheem,Pinsent,hpinsentk0@reverbnation.com,Ram Van 3500
722,Ileana,Verryan,iverryank1@theguardian.com,GL-Class
723,Clayson,Maunton,cmauntonk2@digg.com,Precis
724,Scott,Tripp,strippk3@state.tx.us,Mustang
725,Katina,Siemens,ksiemensk4@reuters.com,Echo
726,Corey,Stores,cstoresk5@fastcompany.com,Tacoma
727,Jacenta,Karran,jkarrank6@army.mil,Tiguan
728,Lonna,Ropars,lroparsk7@intel.com,E-Class
729,Thomasin,Tumber,ttumberk8@rediff.com,300M
730,Booth,Hills,bhillsk9@abc.net.au,Caprice Classic
731,Benson,Hartles,bhartleska@bigcartel.com,GTO
732,Arron,Plumbridge,aplumbridgekb@uiuc.edu,Silverado 2500
733,Federica,Andryszczak,fandryszczakkc@exblog.jp,Ram 3500
734,Audre,Castro,acastrokd@miitbeian.gov.cn,New Beetle
735,Orel,Gingold,ogingoldke@paypal.com,Pacifica
736,Jacinthe,Badwick,jbadwickkf@fc2.com,Jimmy
737,Katina,Drepp,kdreppkg@cbslocal.com,Grand Marquis
738,Wallis,Aspenlon,waspenlonkh@1und1.de,Ram 1500
739,Chevalier,Antram,cantramki@liveinternet.ru,Safari
740,Nydia,Paskins,npaskinskj@g.co,Silhouette
741,Gray,Abrahams,gabrahamskk@indiatimes.com,9000
742,Barclay,O'Fergus,boferguskl@tumblr.com,Ciera
743,Drusilla,Burnhams,dburnhamskm@feedburner.com,A6
744,Kristan,Thring,kthringkn@bigcartel.com,Expedition
745,Boniface,Minger,bmingerko@wikimedia.org,GTO
746,Alfonso,Dungee,adungeekp@mit.edu,S4
747,Chrisse,Blease,cbleasekq@mysql.com,Mystique
748,Melonie,Reading,mreadingkr@tripod.com,3000GT
749,Tommi,Pigeram,tpigeramks@slate.com,7 Series
750,Farleigh,Piddock,fpiddockkt@usnews.com,GLK-Class
751,Marylin,McSkeagan,mmcskeaganku@alibaba.com,Golf
752,Catharine,Rippingall,crippingallkv@archive.org,525
753,Bunnie,Twinn,btwinnkw@tripod.com,Trooper
754,Lewiss,Abbott,labbottkx@buzzfeed.com,Sierra 3500
755,Mohammed,Antonutti,mantonuttiky@moonfruit.com,Reatta
756,Desi,Orhtmann,dorhtmannkz@economist.com,Avenger
757,Sadye,Castanho,scastanhol0@hhs.gov,Grand Cherokee
758,Gasper,Drable,gdrablel1@ft.com,Aura
759,Mariana,Lescop,mlescopl2@xrea.com,Sonoma Club
760,Kurt,Loverock,kloverockl3@un.org,Tribute
761,Blythe,Scoble,bscoblel4@addthis.com,Edge
762,Kort,Murrow,kmurrowl5@mac.com,Expedition
763,Moses,Jerisch,mjerischl6@php.net,MX-6
764,Ash,Bonick,abonickl7@biglobe.ne.jp,9-5
765,Tilda,Lummis,tlummisl8@prweb.com,Armada
766,Felisha,Krochmann,fkrochmannl9@seattletimes.com,Corsica
767,Liesa,Dedney,ldedneyla@jiathis.com,Th!nk
768,Madelina,Sheach,msheachlb@tuttocitta.it,Escape
769,Leonore,Duke,ldukelc@xinhuanet.com,Outback
770,Lenka,Bartlomieczak,lbartlomieczakld@huffingtonpost.com,Endeavor
771,Mae,Hearst,mhearstle@go.com,Azure T
772,Eberhard,Ruppertz,eruppertzlf@indiegogo.com,RX-8
773,Upton,Gorhardt,ugorhardtlg@vimeo.com,Sedona
774,Kimmi,Dodell,kdodelllh@wix.com,SL-Class
775,Holden,Casaccia,hcasacciali@hibu.com,Spirit
776,Yankee,Torry,ytorrylj@github.io,Odyssey
777,Daloris,Andrusyak,dandrusyaklk@fastcompany.com,Ram Van 3500
778,Cher,Rohlf,crohlfll@weather.com,GS
779,Alleen,Gabbitas,agabbitaslm@usda.gov,T100 Xtra
780,Gabey,Matz,gmatzln@mozilla.org,CLS-Class
781,Anetta,MacFayden,amacfaydenlo@house.gov,Navigator
782,Kimble,Keynes,kkeyneslp@gizmodo.com,F250
783,Jarvis,Messruther,jmessrutherlq@barnesandnoble.com,Cougar
784,Aidan,Merrington,amerringtonlr@berkeley.edu,HHR
785,Virgilio,Gally,vgallyls@apple.com,Integra
786,Mareah,Copper,mcopperlt@mit.edu,Malibu
787,Guinevere,Gurley,ggurleylu@hostgator.com,V90
788,Rudyard,Scothron,rscothronlv@uiuc.edu,E-Class
789,Fayth,Cattanach,fcattanachlw@trellian.com,Sonoma
790,Carl,Ollenbuttel,collenbuttellx@wisc.edu,X6
791,Richart,Deveril,rdeverilly@jalbum.net,Camaro
792,Shara,Thomkins,sthomkinslz@51.la,Prius
793,Davita,Caren,dcarenm0@tumblr.com,Grand Marquis
794,Damita,Reyna,dreynam1@imdb.com,Sierra 1500
795,Joceline,McPharlain,jmcpharlainm2@oracle.com,Corvette
796,Lilla,Winckworth,lwinckworthm3@pcworld.com,Legacy
797,Eadith,Eschalotte,eeschalottem4@cmu.edu,I
798,Dag,Carlyle,dcarlylem5@nasa.gov,Golf
799,Steve,Densumbe,sdensumbem6@apple.com,GTI
800,Eb,Mate,ematem7@cpanel.net,S-Class
801,Luella,Wyvill,lwyvillm8@theglobeandmail.com,IS
802,Pierrette,Branscomb,pbranscombm9@sphinn.com,Express 2500
803,Wright,Keymar,wkeymarma@facebook.com,Prizm
804,Sile,MacAindreis,smacaindreismb@ucla.edu,Eurovan
805,Diego,Farden,dfardenmc@house.gov,J
806,Witty,Molloy,wmolloymd@ucla.edu,Riviera
807,Nicole,Penley,npenleyme@odnoklassniki.ru,IS
808,Bud,Simkins,bsimkinsmf@cbslocal.com,Camry
809,Giulietta,Dyott,gdyottmg@zimbio.com,Econoline E250
810,Idalina,Biasetti,ibiasettimh@bing.com,S60
811,Domeniga,Aizikov,daizikovmi@skype.com,Vandura G3500
812,Maurene,Carbert,mcarbertmj@newsvine.com,Element
813,Clim,McQuorkel,cmcquorkelmk@facebook.com,6000
814,Arlan,MacParlan,amacparlanml@domainmarket.com,CTS
815,Huey,Margrem,hmargremmm@google.co.jp,Town & Country
816,Valaria,Ivashintsov,vivashintsovmn@meetup.com,Q5
817,Evie,Knapper,eknappermo@etsy.com,Camaro
818,Pearline,Carnalan,pcarnalanmp@exblog.jp,1500 Club Coupe
819,Etta,Gaddes,egaddesmq@mysql.com,Element
820,Iorgos,Titcomb,ititcombmr@yandex.ru,Eos
821,Brooke,Benka,bbenkams@marketwatch.com,F150
822,Harli,Mulbry,hmulbrymt@nhs.uk,Boxster
823,Weidar,Perroni,wperronimu@de.vu,Esteem
824,Mitchael,Juzek,mjuzekmv@intel.com,200
825,Cicily,Tremoulet,ctremouletmw@gmpg.org,G6
826,Grayce,Deeble,gdeeblemx@zimbio.com,7 Series
827,Eveleen,Stredwick,estredwickmy@wsj.com,W201
828,Nelly,Helwig,nhelwigmz@alibaba.com,Marquis
829,Danyelle,Yendall,dyendalln0@oracle.com,GTO
830,Kean,Wilber,kwilbern1@istockphoto.com,924
831,Sonni,Whitlam,swhitlamn2@engadget.com,MKT
832,Kalli,Janko,kjankon3@163.com,E-Class
833,Shelli,Benda,sbendan4@vistaprint.com,Civic
834,Andria,Heaven,aheavenn5@addthis.com,GX
835,Lyon,Sanford,lsanfordn6@live.com,Dakota
836,Broderick,Roakes,broakesn7@stumbleupon.com,Sportvan G10
837,Pearla,Cherrie,pcherrien8@oakley.com,626
838,Klemens,Slott,kslottn9@nydailynews.com,X-Type
839,Christen,Simioni,csimionina@jugem.jp,XT
840,Levin,Hazeman,lhazemannb@princeton.edu,Camry
841,Erika,Leyshon,eleyshonnc@springer.com,Sportage
842,Lindsy,Arboin,larboinnd@oracle.com,Countach
843,Kaela,Kenen,kkenenne@hhs.gov,500E
844,Selene,Boyer,sboyernf@so-net.ne.jp,Montero
845,Abagail,Pardal,apardalng@google.co.uk,Q
846,Morissa,Kopke,mkopkenh@unesco.org,tC
847,Andy,Nitti,anittini@mozilla.org,Marauder
848,Maddy,Ruddell,mruddellnj@alibaba.com,Ram 2500 Club
849,Ora,Hilary,ohilarynk@skyrock.com,Sonoma
850,Louis,Peealess,lpeealessnl@goo.ne.jp,Mighty Max Macro
851,Shir,Birkbeck,sbirkbecknm@netvibes.com,Arnage
852,Steffane,Mylechreest,smylechreestnn@utexas.edu,Bravada
853,Marietta,Battye,mbattyeno@simplemachines.org,1500
854,Haleigh,Etherson,hethersonnp@umich.edu,F350
855,Ali,Fleisch,afleischnq@etsy.com,Durango
856,Beatriz,O'Crevy,bocrevynr@shareasale.com,TL
857,Zelda,Dabney,zdabneyns@miitbeian.gov.cn,Sienna
858,Dillon,Underhill,dunderhillnt@nba.com,Colorado
859,Marsha,Handaside,mhandasidenu@pinterest.com,IS
860,Idell,Childs,ichildsnv@people.com.cn,Galant
861,Pandora,Gregine,pgreginenw@uiuc.edu,I
862,Vickie,Lober,vlobernx@gov.uk,Sable
863,Bette-ann,Pead,bpeadny@cloudflare.com,1 Series
864,Emmy,Rany,eranynz@imageshack.us,S4
865,Dinnie,Worham,dworhamo0@google.cn,Edge
866,Shir,Pree,spreeo1@cargocollective.com,Continental GTC
867,Creight,Duetschens,cduetschenso2@t.co,Thunderbird
868,Rowena,Coard,rcoardo3@sun.com,Grand Prix
869,Yetta,Steuart,ysteuarto4@mtv.com,Camry
870,Fina,Minear,fminearo5@google.com,Express 1500
871,Christoforo,Dollen,cdolleno6@reference.com,S10
872,Minni,Entissle,mentissleo7@auda.org.au,Avalon
873,Ibrahim,Enser,iensero8@diigo.com,Endeavor
874,Ritchie,Woliter,rwolitero9@usda.gov,Navigator L
875,Husein,Stuchberry,hstuchberryoa@spiegel.de,Rondo
876,Thaddus,Riden,tridenob@mozilla.org,Intrepid
877,Glen,Arndell,garndelloc@fotki.com,Viper
878,Alanson,Harme,aharmeod@deliciousdays.com,Corvette
879,Siobhan,Domniney,sdomnineyoe@storify.com,Compass
880,Sutton,Ivashkov,sivashkovof@flickr.com,Rondo
881,Fidole,Derkes,fderkesog@hao123.com,Navajo
882,Wright,Corkill,wcorkilloh@drupal.org,Grand Vitara
883,Valdemar,Cathel,vcatheloi@utexas.edu,H3
884,Levey,Mawhinney,lmawhinneyoj@google.cn,Prelude
885,Tiphani,O'Cooney,tocooneyok@ted.com,B-Series
886,Reynolds,Danielou,rdanielouol@unc.edu,Routan
887,Grannie,McMychem,gmcmychemom@weather.com,MX-5
888,Othello,Thurber,othurberon@a8.net,Tiguan
889,Louie,Gantzer,lgantzeroo@4shared.com,Esprit Turbo
890,Carlyle,Messom,cmessomop@cargocollective.com,H3T
891,Brandi,Spikings,bspikingsoq@jimdo.com,Estate
892,Malorie,Shorton,mshortonor@adobe.com,Bronco
893,Gabrila,Floyd,gfloydos@liveinternet.ru,H2
894,Alaine,Barabisch,abarabischot@hibu.com,S10
895,Rochelle,Lain,rlainou@ted.com,Endeavor
896,Arline,Lill,alillov@buzzfeed.com,S60
897,Connor,Wescott,cwescottow@stumbleupon.com,Eos
898,Angus,St. Clair,astclairox@indiegogo.com,Ram Van 1500
899,Sloane,Hastin,shastinoy@creativecommons.org,Durango
900,Nyssa,Aisthorpe,naisthorpeoz@seattletimes.com,ES
901,Kissiah,Stradling,kstradlingp0@feedburner.com,LX
902,Titus,Pickle,tpicklep1@prnewswire.com,Malibu Maxx
903,Rene,Gleave,rgleavep2@etsy.com,Veyron
904,Antonie,Mish,amishp3@pcworld.com,Lancer
905,Gray,Wynch,gwynchp4@indiegogo.com,G37
906,Olia,Lanchbury,olanchburyp5@ebay.co.uk,Seville
907,Reider,Ulyatt,rulyattp6@nytimes.com,Lancer Evolution
908,Herrick,Sains,hsainsp7@skyrock.com,Grand Prix
909,Doretta,Ponceford,dponcefordp8@businessinsider.com,Pajero
910,Analise,Essery,aesseryp9@reference.com,RL
911,Ferdinand,Hanscomb,fhanscombpa@topsy.com,SL-Class
912,Lanna,Bolderson,lboldersonpb@spiegel.de,Cavalier
913,Mal,Hanfrey,mhanfreypc@diigo.com,Bel Air
914,Dyanna,Haughton,dhaughtonpd@bizjournals.com,929
915,Julia,Aloway,jalowaype@delicious.com,Cougar
916,Oralla,MacMillan,omacmillanpf@tinyurl.com,MKX
917,Hale,Jessup,hjessuppg@cargocollective.com,F350
918,Belvia,Master,bmasterph@dailymotion.com,9-3
919,Egon,Whightman,ewhightmanpi@ebay.co.uk,Bonneville
920,Marmaduke,Malcolm,mmalcolmpj@studiopress.com,3 Series
921,Max,Dutnell,mdutnellpk@simplemachines.org,Savana 2500
922,Benson,McTrustam,bmctrustampl@linkedin.com,RL
923,Robinetta,Jeaffreson,rjeaffresonpm@myspace.com,Laser
924,Kali,Emor,kemorpn@xing.com,Town Car
925,Laughton,Owtram,lowtrampo@sfgate.com,Roadmaster
926,Sidney,Gledhall,sgledhallpp@clickbank.net,300M
927,Serge,Coppins,scoppinspq@marriott.com,Grand Vitara
928,Abraham,Whiting,awhitingpr@ucoz.com,C70
929,Chen,Bedson,cbedsonps@wufoo.com,E-Series
930,Falito,Herety,fheretypt@indiatimes.com,Outlander
931,Amy,Widmore,awidmorepu@cyberchimps.com,G-Series G30
932,Reg,Donaghy,rdonaghypv@flickr.com,GS
933,Langsdon,Jeram,ljerampw@wiley.com,Mazdaspeed 3
934,Susie,Tebbutt,stebbuttpx@google.ca,928
935,Morgan,Creek,mcreekpy@walmart.com,Murciélago
936,Edvard,Newton,enewtonpz@tumblr.com,Cougar
937,Kale,McLewd,kmclewdq0@fc2.com,Grand Prix
938,Sterling,Leinster,sleinsterq1@weebly.com,Quest
939,Georg,Kornalik,gkornalikq2@woothemes.com,B-Series
940,Casey,Ierland,cierlandq3@discuz.net,500SEL
941,Minnaminnie,Duprey,mdupreyq4@latimes.com,A3
942,Erica,Roddell,eroddellq5@ucsd.edu,Legend
943,Barrett,Foakes,bfoakesq6@ezinearticles.com,Jetta
944,Monah,Edgeller,medgellerq7@technorati.com,Cougar
945,Lorne,O'Hannigan,lohanniganq8@ameblo.jp,Impala
946,Tildi,Wittier,twittierq9@twitpic.com,X-90
947,Linnet,Gebhardt,lgebhardtqa@go.com,G-Series G20
948,Wyndham,Durban,wdurbanqb@aol.com,Sonata
949,Conrado,Beetles,cbeetlesqc@uol.com.br,Cube
950,Kliment,Cheers,kcheersqd@columbia.edu,Sedona
951,Danita,Wimes,dwimesqe@yellowbook.com,Swift
952,Abbott,Bromehed,abromehedqf@cafepress.com,Type 2
953,Alexandros,Tizzard,atizzardqg@mac.com,XC70
954,Aurel,Jorez,ajorezqh@histats.com,911
955,Krysta,Tour,ktourqi@mapy.cz,S60
956,Ulises,Haker,uhakerqj@japanpost.jp,F350
957,Nichole,Kiltie,nkiltieqk@umich.edu,Outback
958,Merna,Kitt,mkittql@barnesandnoble.com,V90
959,Irvin,Crowcroft,icrowcroftqm@blogtalkradio.com,Continental
960,Jodie,Zarfati,jzarfatiqn@cisco.com,100
961,Hobey,Lardeux,hlardeuxqo@ed.gov,V70
962,Uta,Robke,urobkeqp@time.com,Elantra
963,Tedi,Compford,tcompfordqq@parallels.com,Passat
964,Angelique,Lorne,alorneqr@multiply.com,M-Class
965,Bryanty,Gerckens,bgerckensqs@cyberchimps.com,Galaxie
966,Lynne,Philippson,lphilippsonqt@wikimedia.org,E-Class
967,Esta,Duhig,eduhigqu@people.com.cn,Tiburon
968,Charlotte,Scanlin,cscanlinqv@sphinn.com,Murciélago
969,Baldwin,Tregenna,btregennaqw@storify.com,Sunbird
970,Maggee,Metheringham,mmetheringhamqx@ezinearticles.com,SLK-Class
971,Arline,Cordeix,acordeixqy@discovery.com,3500
972,Matteo,Musselwhite,mmusselwhiteqz@nps.gov,CTS
973,Gerti,Ing,gingr0@jiathis.com,Leaf
974,Ludovico,Babcock,lbabcockr1@webmd.com,928
975,Auria,Wensley,awensleyr2@go.com,Ram 2500 Club
976,Ellene,Rossiter,erossiterr3@washington.edu,Accent
977,Mella,Boot,mbootr4@geocities.com,CLK-Class
978,Maynord,Molloy,mmolloyr5@nymag.com,VS Commodore
979,Janice,Spight,jspightr6@skyrock.com,X5
980,Agatha,Stimpson,astimpsonr7@histats.com,Yukon XL 2500
981,Artus,Lanahan,alanahanr8@youku.com,Trooper
982,Drew,Tuffrey,dtuffreyr9@forbes.com,Caliber
983,Eleni,Labadini,elabadinira@indiatimes.com,Metro
984,Dasha,Schonfeld,dschonfeldrb@ucsd.edu,Caravan
985,Phoebe,Gianiello,pgianiellorc@youtube.com,V50
986,Etan,Dodson,edodsonrd@wikimedia.org,D250
987,Tarra,Bardey,tbardeyre@spiegel.de,Town Car
988,Brandy,Oglethorpe,boglethorperf@arstechnica.com,Aztek
989,Lenore,Tortoise,ltortoiserg@fema.gov,Crossfire
990,Rheba,Landreth,rlandrethrh@mapquest.com,850
991,Broddie,Fairey,bfaireyri@sun.com,300SD
992,Della,Peealess,dpeealessrj@psu.edu,Lancer
993,Ambur,Bothams,abothamsrk@umn.edu,X3
994,Margeaux,Geratt,mgerattrl@cbsnews.com,Cougar
995,Sibella,Matyushonok,smatyushonokrm@odnoklassniki.ru,Fox
996,Delphinia,Howsden,dhowsdenrn@diigo.com,LeMans
997,Goddard,Baccup,gbaccupro@opensource.org,Outlander
998,Moyna,Clougher,mclougherrp@admin.ch,CTS
999,Titus,Somerville,tsomervillerq@multiply.com,Santa Fe
1000,Sigfried,Fearns,sfearnsrr@forbes.com,H3
